epoch,train_loss,train_acc,train_auc,val_loss,val_acc,val_auc
1,2.2274728298187254,0.175,0.5151515151515151,4.89047064781189,0.15,0.8480392156862745
